us,Red,IR,Ratio,Ambient,drdt,ddrdt,Notes
1745427817389,2105,6713,0.3136
1745427817429,2130,6750,0.3156
1745427817457,2144,6763,0.3170
1745427817497,2141,6754,0.3170
1745427817527,2120,6730,0.3151
1745427817538,2089,6701,0.3117
1745427817569,2058,6678,0.3082
1745427817599,2040,6662,0.3063
1745427817653,2043,6652,0.3071
1745427817668,2065,6647,0.3106
1745427817694,2096,6644,0.3154
1745427817725,2126,6643,0.3200
1745427817766,2147,6644,0.3231
1745427817800,2156,6645,0.3244
1745427817824,2154,6647,0.3241
1745427817925,2147,6649,0.3230
1745427817945,2140,6652,0.3217
1745427817945,2138,6656,0.3212
1745427817954,2142,6661,0.3216
1745427817978,2151,6665,0.3227
1745427818019,2161,6667,0.3242
1745427818041,2169,6663,0.3255
1745427818075,2170,6653,0.3261
1745427818109,2163,6637,0.3260
1745427818139,2151,6618,0.3250
1745427818178,2135,6604,0.3233
1745427818203,2120,6600,0.3211
1745427818242,2106,6608,0.3187
1745427818273,2095,6624,0.3163
1745427818291,2088,6644,0.3143
1745427818319,2086,6662,0.3130
1745427818351,2089,6677,0.3129
1745427818386,2099,6686,0.3140
1745427818417,2114,6687,0.3161
1745427818451,2128,6678,0.3187
1745427818473,2139,6661,0.3211
1745427818516,2143,6640,0.3227
1745427818559,2140,6622,0.3232
1745427818594,2132,6610,0.3225
1745427818604,2119,6602,0.3210
1745427818634,2106,6595,0.3193
1745427818664,2094,6589,0.3178
1745427818701,2084,6581,0.3167
1745427818724,2079,6576,0.3162
1745427818768,2080,6575,0.3164
1745427818784,2086,6581,0.3170
1745427818834,2095,6595,0.3176
1745427818855,2104,6614,0.3181
1745427818889,2111,6633,0.3183
1745427818919,2119,6647,0.3187
1745427818953,2130,6655,0.3200
1745427818979,2149,6658,0.3228
1745427819013,2177,6659,0.3269
1745427819040,2210,6665,0.3316
1745427819078,2241,6679,0.3355
1745427819111,2261,6701,0.3374
1745427819139,2268,6730,0.3370
1745427819174,2264,6761,0.3349
1745427819189,2251,6788,0.3317
1745427819220,2234,6809,0.3281
1745427819271,2214,6822,0.3245
1745427819303,2194,6828,0.3213
1745427819325,2180,6829,0.3192
1745427819353,2176,6825,0.3189
1745427819383,2185,6814,0.3207
1745427819413,2203,6792,0.3244
1745427819449,2224,6760,0.3290
1745427819474,2239,6721,0.3331
1745427819505,2240,6683,0.3352
1745427819551,2226,6652,0.3347
1745427819572,2202,6634,0.3319
1745427819608,2175,6631,0.3280
1745427819640,2152,6641,0.3241
1745427819702,2140,6654,0.3216
1745427819800,2139,6664,0.3211
1745427819802,2147,6663,0.3223
1745427819802,2159,6652,0.3245
1745427819803,2170,6635,0.3271
1745427819825,2183,6615,0.3299
1745427819864,2196,6598,0.3328
1745427819897,2212,6587,0.3357
1745427819928,2226,6586,0.3380
1745427819939,2234,6598,0.3386
1745427820033,2230,6621,0.3369
1745427820035,2216,6652,0.3331
1745427820063,2197,6682,0.3288
1745427820106,2183,6707,0.3255
1745427820107,2180,6722,0.3243
1745427820135,2187,6728,0.3250
1745427820177,2200,6728,0.3271
1745427820211,2216,6721,0.3297
1745427820238,2230,6708,0.3325
1745427820254,2241,6689,0.3351
1745427820285,2249,6665,0.3374
1745427820318,2256,6643,0.3396
1745427820374,2266,6630,0.3417
1745427820388,2279,6634,0.3436
1745427820419,2295,6651,0.3450
1745427820452,2309,6672,0.3460
1745427820483,2315,6683,0.3464
1745427820517,2310,6677,0.3460
1745427820551,2294,6656,0.3446
1745427820569,2269,6628,0.3424
1745427820607,2240,6599,0.3394
1745427820639,2211,6576,0.3362
1745427820674,2185,6562,0.3330
1745427820689,2167,6557,0.3305
1745427820749,2159,6564,0.3290
1745427820773,2165,6584,0.3289
1745427820815,2184,6615,0.3301
1745427820831,2209,6656,0.3319
1745427820856,2231,6702,0.3330
1745427820885,2245,6748,0.3327
1745427820920,2247,6790,0.3309
1745427820956,2237,6823,0.3279
1745427820974,2219,6842,0.3243
1745427821004,2194,6843,0.3207
1745427821034,2168,6824,0.3176
1745427821064,2144,6789,0.3158
1745427821131,2127,6742,0.3155
1745427821139,2120,6692,0.3169
1745427821169,2122,6646,0.3192
1745427821200,2127,6614,0.3216
1745427821230,2131,6598,0.3229
1745427821263,2129,6599,0.3227
1745427821295,2122,6611,0.3210
1745427821359,2113,6626,0.3189
1745427821375,2108,6637,0.3176
1745427821382,2112,6640,0.3181
1745427821412,2126,6635,0.3204
1745427821441,2146,6624,0.3239
1745427821484,2166,6613,0.3276
1745427821519,2183,6603,0.3306
1745427821551,2191,6597,0.3322
1745427821574,2189,6596,0.3319
1745427821608,2178,6604,0.3298
1745427821638,2162,6622,0.3265
1745427821675,2149,6650,0.3231
1745427821703,2142,6683,0.3205
1745427821724,2146,6718,0.3194
1745427821770,2159,6751,0.3199
1745427821786,2179,6779,0.3214
1745427821839,2200,6799,0.3236
1745427821847,2218,6810,0.3258
1745427821889,2233,6813,0.3278
1745427821918,2245,6810,0.3297
1745427821949,2257,6803,0.3317
1745427821983,2268,6793,0.3338
1745427822018,2274,6781,0.3354
1745427822039,2272,6769,0.3356
1745427822072,2255,6757,0.3337
1745427822104,2222,6746,0.3293
1745427822141,2176,6735,0.3231
1745427822172,2127,6726,0.3162
1745427822206,2083,6723,0.3098
1745427822237,2054,6729,0.3052
1745427822275,2044,6740,0.3032
1745427822307,2051,6748,0.3039
1745427822324,2069,6743,0.3068
1745427822354,2091,6722,0.3111
1745427822383,2112,6687,0.3158
1745427822414,2128,6645,0.3202
1745427822450,2141,6605,0.3241
1745427822473,2151,6573,0.3272
1745427822504,2159,6549,0.3296
1745427822538,2163,6535,0.3310
1745427822584,2162,6529,0.3311
1745427822619,2155,6530,0.3300
1745427822638,2145,6540,0.3279
1745427822671,2139,6565,0.3258
1745427822705,2145,6610,0.3245
1745427822735,2164,6673,0.3243
1745427822770,2193,6746,0.3251
1745427822803,2220,6815,0.3258
1745427822835,2238,6864,0.3260
1745427822859,2240,6886,0.3253
1745427822895,2231,6882,0.3242
1745427822925,2217,6860,0.3232
1745427822970,2207,6833,0.3230
1745427823096,2205,6812,0.3236
1745427823101,2208,6797,0.3249
1745427823101,2211,6780,0.3262
1745427823101,2208,6752,0.3269
1745427823105,2193,6712,0.3267
1745427823137,2168,6663,0.3254
1745427823167,2136,6616,0.3228
1745427823203,2102,6582,0.3194
1745427823224,2072,6567,0.3156
1745427823255,2052,6574,0.3122
1745427823288,2046,6599,0.3100
1745427823335,2053,6634,0.3094
1745427823359,2072,6671,0.3107
1745427823391,2102,6703,0.3136
1745427823426,2141,6730,0.3181
1745427823461,2186,6754,0.3237
1745427823494,2235,6781,0.3296
1745427823508,2283,6814,0.3350
1745427823538,2324,6851,0.3393
1745427823577,2354,6885,0.3419
1745427823600,2367,6911,0.3424
1745427823635,2358,6922,0.3407
1745427823665,2330,6918,0.3368
1745427823703,2287,6904,0.3313
1745427823736,2241,6885,0.3255
1745427823770,2203,6870,0.3207
1745427823803,2179,6857,0.3178
1745427823843,2167,6843,0.3166
1745427823854,2161,6826,0.3165
1745427823884,2156,6804,0.3169
1745427823914,2155,6782,0.3177
1745427823951,2158,6766,0.3190
1745427823974,2168,6756,0.3209
1745427824018,2183,6755,0.3232
1745427824050,2198,6760,0.3252
1745427824076,2208,6765,0.3265
1745427824111,2211,6767,0.3268
1745427824149,2205,6764,0.3260
1745427824173,2190,6758,0.3241
1745427824208,2169,6752,0.3212
1745427824236,2146,6747,0.3181
1745427824273,2127,6740,0.3156
1745427824291,2117,6729,0.3147
1745427824319,2120,6713,0.3158
1745427824348,2133,6694,0.3186
1745427824384,2152,6675,0.3224
1745427824424,2173,6659,0.3264
1745427824453,2194,6652,0.3299
1745427824483,2214,6657,0.3326
1745427824518,2233,6679,0.3343
1745427824571,2249,6715,0.3349
1745427824574,2265,6762,0.3349
1745427824603,2279,6810,0.3347
1745427824642,2293,6851,0.3347
1745427824681,2303,6879,0.3348
1745427824702,2305,6895,0.3343
1745427824723,2299,6901,0.3332
1745427824753,2286,6897,0.3314
1745427824807,2271,6887,0.3297
1745427824874,2260,6878,0.3286
1745427824875,2255,6874,0.3281
1745427824888,2257,6879,0.3281
1745427824918,2260,6889,0.3281
1745427824952,2263,6898,0.3280
1745427824984,2262,6898,0.3278
1745427825020,2257,6886,0.3277
1745427825115,2249,6861,0.3278
1745427825126,2240,6826,0.3282
1745427825126,2231,6786,0.3288
1745427825130,2222,6748,0.3293
1745427825173,2212,6717,0.3293
1745427825203,2202,6700,0.3287
1745427825238,2196,6695,0.3280
1745427825267,2198,6703,0.3279
1745427825305,2208,6717,0.3287
1745427825323,2226,6735,0.3305
1745427825354,2246,6756,0.3324
1745427825383,2260,6782,0.3333
1745427825418,2264,6815,0.3322
1745427825443,2255,6856,0.3289
1745427825481,2237,6902,0.3242
1745427825505,2219,6947,0.3194
1745427825549,2206,6986,0.3158
1745427825584,2203,7015,0.3140
1745427825618,2207,7029,0.3140
1745427825641,2215,7026,0.3153
1745427825684,2225,7002,0.3178
1745427825706,2234,6957,0.3211
1745427825735,2240,6898,0.3247
1745427825772,2240,6837,0.3276
1745427825804,2230,6784,0.3288
1745427825819,2212,6744,0.3279
1745427825852,2186,6720,0.3253
1745427825905,2160,6707,0.3220
1745427825923,2139,6705,0.3191
1745427825953,2131,6709,0.3176
1745427825984,2136,6715,0.3181
1745427826018,2154,6720,0.3205
1745427826044,2178,6720,0.3240
1745427826082,2200,6716,0.3276
1745427826104,2216,6709,0.3303
1745427826151,2225,6704,0.3320
1745427826169,2232,6706,0.3329
1745427826214,2239,6720,0.3332
1745427826224,2245,6745,0.3328
1745427826278,2246,6779,0.3313
1745427826307,2237,6817,0.3282
1745427826343,2220,6851,0.3240
1745427826369,2194,6876,0.3190
1745427826418,2165,6892,0.3142
1745427826420,2142,6901,0.3104
1745427826454,2133,6908,0.3087
1745427826481,2143,6916,0.3098
1745427826516,2169,6921,0.3134
1745427826543,2201,6920,0.3181
1745427826576,2230,6907,0.3229
1745427826607,2251,6877,0.3273
1745427826651,2263,6830,0.3313
1745427826674,2267,6769,0.3349
1745427826703,2262,6707,0.3372
1745427826734,2248,6658,0.3376
1745427826785,2226,6633,0.3356
1745427826801,2203,6633,0.3321
1745427826884,2184,6655,0.3283
1745427826890,2175,6691,0.3251
1745427826890,2177,6732,0.3234
1745427826920,2188,6768,0.3232
1745427826954,2205,6792,0.3246
1745427826974,2225,6801,0.3271
1745427827022,2241,6796,0.3298
1745427827061,2251,6784,0.3318
1745427827095,2252,6771,0.3326
1745427827120,2249,6768,0.3324
1745427827139,2249,6779,0.3317
1745427827168,2253,6804,0.3311
1745427827198,2260,6838,0.3305
1745427827232,2265,6875,0.3295
1745427827267,2265,6904,0.3280
1745427827306,2262,6921,0.3268
1745427827332,2261,6924,0.3266
1745427827376,2266,6913,0.3278
1745427827379,2274,6893,0.3299
1745427827423,2282,6868,0.3323
1745427827453,2287,6843,0.3342
1745427827483,2287,6822,0.3352
1745427827538,2281,6807,0.3352
1745427827551,2271,6796,0.3342
1745427827583,2258,6787,0.3326
1745427827610,2245,6779,0.3312
1745427827643,2236,6769,0.3304
1745427827677,2231,6762,0.3300
1745427827706,2228,6760,0.3296
1745427827723,2228,6768,0.3292
1745427827770,2229,6786,0.3285
1745427827803,2232,6809,0.3278
1745427827840,2232,6828,0.3269
1745427827869,2229,6832,0.3262
1745427827888,2222,6819,0.3259
1745427827919,2217,6793,0.3264
1745427827968,2220,6766,0.3280
1745427827988,2231,6748,0.3306
1745427828008,2247,6741,0.3333
1745427828038,2258,6742,0.3349
1745427828068,2255,6746,0.3343
1745427828100,2235,6750,0.3311
1745427828153,2198,6751,0.3256
1745427828173,2153,6749,0.3191
1745427828203,2111,6746,0.3129
1745427828242,2082,6745,0.3087
1745427828267,2075,6753,0.3073
1745427828302,2091,6770,0.3088
1745427828323,2121,6793,0.3123
1745427828369,2157,6816,0.3164
1745427828389,2189,6833,0.3204
1745427828419,2215,6842,0.3237
1745427828456,2230,6845,0.3258
1745427828488,2233,6846,0.3261
1745427828518,2219,6849,0.3239
1745427828548,2189,6852,0.3194
1745427828609,2149,6856,0.3135
1745427828632,2113,6861,0.3080
1745427828677,2095,6868,0.3051
1745427828678,2104,6875,0.3060
1745427828707,2137,6877,0.3108
1745427828739,2184,6868,0.3180
1745427828769,2230,6844,0.3258
1745427828789,2261,6803,0.3323
1745427828823,2271,6753,0.3363
1745427828870,2261,6704,0.3373
1745427828903,2234,6669,0.3350
1745427828923,2198,6659,0.3300
1745427828953,2161,6679,0.3236
1745427829003,2134,6726,0.3172
1745427829021,2124,6789,0.3129
1745427829050,2136,6854,0.3117
1745427829073,2166,6909,0.3136
1745427829103,2205,6950,0.3173
1745427829137,2243,6975,0.3216
1745427829172,2272,6990,0.3251
1745427829201,2289,6998,0.3271
1745427829240,2296,7003,0.3279
1745427829269,2296,7006,0.3277
1745427829306,2291,7009,0.3269
1745427829334,2281,7008,0.3254
1745427829364,2261,7002,0.3229
1745427829392,2232,6991,0.3193
1745427829428,2202,6975,0.3157
1745427829455,2177,6955,0.3130
1745427829492,2164,6935,0.3120
1745427829522,2161,6915,0.3125
1745427829538,2166,6898,0.3140
1745427829568,2174,6880,0.3160
1745427829622,2182,6859,0.3182
1745427829654,2188,6836,0.3200
1745427829675,2186,6813,0.3208
1745427829703,2173,6798,0.3196
1745427829747,2150,6794,0.3165
1745427829770,2124,6807,0.3120
1745427829806,2103,6834,0.3078
1745427829823,2096,6868,0.3052
1745427829853,2107,6903,0.3052
1745427829883,2132,6932,0.3075
1745427829918,2162,6950,0.3112
1745427829950,2190,6954,0.3150
1745427829989,2209,6947,0.3180
1745427830035,2216,6934,0.3196
1745427830054,2218,6926,0.3202
1745427830086,2221,6934,0.3204
1745427830119,2235,6960,0.3211
1745427830150,2257,7001,0.3224
1745427830183,2283,7041,0.3242
1745427830232,2303,7063,0.3260
1745427830240,2311,7057,0.3274
1745427830263,2305,7025,0.3282
1745427830312,2288,6978,0.3279
1745427830364,2264,6936,0.3264
1745427830393,2241,6911,0.3242
1745427830406,2227,6906,0.3224
1745427830429,2228,6915,0.3222
1745427830453,2245,6929,0.3241
1745427830484,2272,6937,0.3275
1745427830557,2296,6933,0.3311
1745427830590,2308,6919,0.3336
1745427830591,2305,6897,0.3342
1745427830609,2286,6869,0.3327
1745427830640,2255,6840,0.3297
1745427830676,2220,6813,0.3258
1745427830721,2186,6791,0.3219
1745427830742,2161,6774,0.3190
1745427830774,2148,6763,0.3177
1745427830805,2148,6759,0.3178
1745427830842,2158,6765,0.3189
1745427830858,2175,6784,0.3206
1745427830889,2198,6816,0.3224
1745427830919,2222,6857,0.3241
1745427830948,2245,6899,0.3255
1745427830982,2263,6934,0.3264
1745427831016,2276,6955,0.3272
1745427831048,2284,6960,0.3282
1745427831094,2292,6949,0.3299
1745427831129,2300,6926,0.3321
1745427831167,2306,6895,0.3344
1745427831173,2307,6864,0.3361
1745427831203,2302,6841,0.3366
1745427831240,2293,6831,0.3357
1745427831267,2281,6832,0.3338
1745427831299,2266,6841,0.3313
1745427831328,2249,6848,0.3284
1745427831365,2229,6848,0.3255
1745427831403,2207,6837,0.3227
1745427831420,2183,6818,0.3202
1745427831458,2163,6795,0.3183
1745427831489,2150,6775,0.3173
1745427831518,2146,6763,0.3174
1745427831553,2150,6763,0.3179
1745427831595,2156,6774,0.3183
1745427831608,2159,6795,0.3178
1745427831638,2156,6820,0.3162
1745427831686,2148,6847,0.3137
1745427831698,2135,6871,0.3108
1745427831746,2121,6889,0.3078
1745427831758,2105,6896,0.3053
1745427831794,2091,6887,0.3036
1745427831846,2080,6865,0.3029
1745427831863,2071,6832,0.3031
1745427831903,2064,6793,0.3039
1745427831923,2058,6752,0.3048
1745427831953,2054,6717,0.3058
1745427831994,2054,6695,0.3067
1745427832028,2061,6692,0.3079
1745427832086,2079,6708,0.3099
1745427832106,2108,6734,0.3130
1745427832107,2145,6761,0.3173
1745427832146,2184,6780,0.3221
1745427832173,2216,6790,0.3263
1745427832217,2234,6793,0.3288
1745427832253,2233,6788,0.3289
1745427832278,2213,6777,0.3265
1745427832313,2178,6764,0.3220
1745427832338,2138,6753,0.3167
1745427832358,2102,6751,0.3114
1745427832388,2076,6761,0.3070
1745427832421,2060,6780,0.3039
1745427832453,2054,6801,0.3020
1745427832485,2052,6815,0.3011
1745427832510,2053,6818,0.3011
1745427832555,2055,6811,0.3017
1745427832585,2062,6798,0.3033
1745427832623,2074,6785,0.3057
1745427832650,2091,6777,0.3085
1745427832676,2108,6779,0.3110
1745427832703,2123,6789,0.3127
1745427832733,2135,6804,0.3137
1745427832780,2147,6818,0.3148
1745427832794,2163,6828,0.3167
1745427832837,2184,6833,0.3197
1745427832853,2209,6835,0.3231
1745427832884,2229,6835,0.3261
1745427832913,2238,6834,0.3275
1745427832958,2232,6828,0.3269
1745427833004,2211,6822,0.3242
1745427833031,2182,6817,0.3201
1745427833048,2153,6818,0.3158
1745427833107,2134,6828,0.3125
1745427833120,2128,6847,0.3108
1745427833138,2134,6875,0.3105
1745427833169,2146,6906,0.3107
1745427833203,2157,6934,0.3111
1745427833229,2170,6954,0.3120
1745427833265,2182,6960,0.3136
1745427833303,2193,6951,0.3155
1745427833350,2197,6928,0.3172
1745427833363,2193,6897,0.3179
1745427833399,2182,6868,0.3177
1745427833424,2171,6852,0.3169
1745427833457,2168,6855,0.3163
1745427833483,2176,6879,0.3163
1745427833522,2191,6917,0.3168
1745427833561,2207,6959,0.3171
1745427833579,2218,6994,0.3171
1745427833603,2221,7014,0.3167
1745427833648,2217,7017,0.3160
1745427833694,2207,7004,0.3151
1745427833708,2193,6978,0.3143
1745427833750,2180,6944,0.3140
1745427833768,2175,6909,0.3148
1745427833798,2182,6880,0.3172
1745427833835,2203,6865,0.3210
1745427833858,2234,6866,0.3254
1745427833888,2266,6881,0.3293
1745427833922,2291,6906,0.3317
1745427833948,2304,6934,0.3322
1745427833985,2304,6961,0.3309
1745427834008,2295,6985,0.3285
1745427834053,2281,7004,0.3256
1745427834083,2265,7017,0.3229
1745427834113,2251,7021,0.3206
1745427834153,2240,7016,0.3193
1745427834173,2232,7000,0.3189
1745427834214,2229,6973,0.3196
1745427834238,2231,6941,0.3214
1745427834273,2235,6909,0.3236
1745427834308,2238,6883,0.3252
1745427834323,2236,6868,0.3255
1745427834357,2226,6865,0.3243
1745427834383,2214,6872,0.3221
1745427834451,2203,6886,0.3199
1745427834458,2199,6904,0.3185
1745427834501,2203,6922,0.3183
1745427834518,2213,6934,0.3192
1745427834561,2221,6936,0.3202
1745427834581,2218,6926,0.3203
1745427834611,2204,6911,0.3190
1745427834638,2182,6898,0.3164
1745427834672,2159,6895,0.3131
1745427834698,2140,6904,0.3100
1745427834746,2131,6918,0.3081
1745427834758,2132,6931,0.3076
1745427834803,2139,6938,0.3083
1745427834833,2144,6937,0.3091
1745427834863,2144,6929,0.3094
1745427834895,2138,6917,0.3091
1745427834923,2132,6905,0.3088
1745427834953,2131,6902,0.3087
1745427835000,2137,6911,0.3092
1745427835013,2148,6933,0.3098
1745427835043,2159,6960,0.3102
1745427835073,2168,6984,0.3104
1745427835103,2171,6999,0.3101
1745427835152,2168,7001,0.3096
1745427835181,2161,6991,0.3091
1745427835224,2152,6969,0.3088
1745427835239,2143,6940,0.3088
1745427835268,2136,6909,0.3092
1745427835314,2131,6884,0.3096
1745427835328,2127,6870,0.3096
1745427835358,2125,6869,0.3093
1745427835402,2126,6880,0.3090
1745427835427,2134,6896,0.3094
1745427835474,2150,6911,0.3111
1745427835484,2174,6922,0.3141
1745427835524,2200,6924,0.3177
1745427835553,2219,6919,0.3207
1745427835584,2223,6909,0.3218
1745427835622,2211,6899,0.3205
1745427835652,2188,6893,0.3174
1745427835706,2160,6894,0.3133
1745427835706,2134,6904,0.3091
1745427835747,2114,6922,0.3054
1745427835781,2104,6945,0.3029
1745427835816,2105,6966,0.3022
1745427835823,2119,6982,0.3035
1745427835888,2147,6993,0.3070
1745427835888,2181,7000,0.3116
1745427835939,2213,7008,0.3158
1745427835958,2232,7019,0.3180
1745427835995,2230,7029,0.3173
1745427836027,2206,7032,0.3137
1745427836060,2168,7025,0.3086
1745427836088,2126,7008,0.3034
1745427836108,2093,6985,0.2996
1745427836139,2074,6964,0.2979
1745427836168,2073,6950,0.2984
1745427836218,2088,6944,0.3007
1745427836240,2112,6943,0.3043
1745427836410,2139,6945,0.3080
1745427836411,2157,6947,0.3104
1745427836411,2159,6951,0.3106
1745427836411,2147,6957,0.3085
1745427836412,2127,6964,0.3054
1745427836423,2110,6971,0.3027
1745427836453,2105,6981,0.3015
1745427836486,2113,6993,0.3022
1745427836526,2132,7009,0.3041
1745427836555,2154,7023,0.3068
1745427836573,2176,7032,0.3094
1745427836603,2193,7033,0.3118
1745427836654,2202,7026,0.3134
1745427836690,2202,7016,0.3138
1745427836708,2193,7006,0.3130
1745427836738,2178,6999,0.3112
1745427836773,2162,6994,0.3091
1745427836807,2151,6989,0.3078
1745427836835,2150,6981,0.3079
1745427836858,2157,6973,0.3094
1745427836888,2172,6967,0.3117
1745427836918,2188,6968,0.3141
1745427836950,2204,6976,0.3160
1745427837008,2218,6990,0.3173
1745427837025,2227,7001,0.3181
1745427837054,2231,7002,0.3187
1745427837087,2232,6988,0.3194
1745427837122,2233,6964,0.3206
1745427837150,2242,6941,0.3230
1745427837187,2262,6931,0.3264
1745427837207,2292,6938,0.3304
1745427837242,2325,6959,0.3340
1745427837271,2348,6986,0.3361
1745427837310,2355,7012,0.3359
1745427837323,2348,7034,0.3338
1745427837387,2332,7051,0.3307
1745427837403,2317,7065,0.3279
1745427837452,2309,7078,0.3262
1745427837473,2309,7090,0.3257
1745427837488,2316,7103,0.3261
1745427837518,2325,7115,0.3268
1745427837552,2330,7120,0.3272
1745427837585,2322,7113,0.3264
1745427837623,2296,7090,0.3239
1745427837643,2253,7047,0.3197
1745427837676,2201,6992,0.3148
1745427837704,2155,6933,0.3109
1745427837756,2129,6884,0.3093
1745427837774,2130,6854,0.3108
1745427837804,2155,6845,0.3148
1745427837841,2192,6853,0.3198
1745427837876,2227,6871,0.3241
1745427837908,2250,6890,0.3265
1745427837923,2252,6900,0.3264
1745427837972,2236,6897,0.3242
1745427837988,2209,6884,0.3209
1745427838020,2182,6869,0.3177
1745427838049,2165,6863,0.3154
1745427838087,2161,6871,0.3145
1745427838119,2172,6893,0.3151
1745427838153,2193,6924,0.3168
1745427838183,2223,6958,0.3195
1745427838210,2256,6988,0.3228
1745427838240,2288,7012,0.3263
1745427838290,2312,7028,0.3289
1745427838312,2322,7036,0.3301
1745427838411,2319,7039,0.3295
1745427838420,2305,7040,0.3274
1745427838421,2284,7041,0.3244
1745427838421,2261,7040,0.3211
1745427838452,2243,7039,0.3187
1745427838504,2237,7038,0.3178
1745427838523,2246,7042,0.3189
1745427838553,2269,7053,0.3217
1745427838586,2300,7073,0.3252
1745427838619,2334,7098,0.3288
1745427838649,2362,7122,0.3316
1745427838674,2376,7139,0.3328
1745427838708,2372,7142,0.3322
1745427838741,2351,7123,0.3301
1745427838772,2318,7083,0.3273
1745427838806,2279,7026,0.3244
1745427838823,2240,6963,0.3217
1745427838870,2206,6905,0.3195
1745427838905,2178,6861,0.3175
1745427838940,2157,6835,0.3157
1745427838958,2143,6828,0.3138
1745427838988,2135,6840,0.3122
1745427839021,2140,6868,0.3116
1745427839056,2163,6905,0.3132
1745427839088,2206,6942,0.3177
1745427839108,2265,6972,0.3249
1745427839138,2331,6991,0.3334
1745427839168,2391,6997,0.3417
1745427839225,2432,6990,0.3479
1745427839261,2449,6974,0.3512
1745427839273,2442,6954,0.3511
1745427839303,2416,6939,0.3481
1745427839334,2382,6935,0.3434
1745427839371,2351,6947,0.3384
1745427839397,2329,6973,0.3339
1745427839428,2316,7009,0.3304
1745427839487,2309,7047,0.3277
1745427839488,2307,7082,0.3258
1745427839520,2307,7107,0.3247
1745427839553,2308,7117,0.3243
1745427839588,2307,7110,0.3245
1745427839620,2303,7091,0.3248
1745427839654,2295,7069,0.3246
1745427839686,2281,7056,0.3232
1745427839708,2264,7060,0.3207
1745427839738,2246,7078,0.3173
1745427839768,2229,7106,0.3137
1745427839800,2217,7134,0.3107
1745427839835,2208,7156,0.3085
1745427839870,2205,7167,0.3076
1745427839894,2207,7167,0.3080
1745427839932,2216,7157,0.3096
1745427839966,2228,7137,0.3121
1745427840001,2241,7114,0.3150
1745427840036,2254,7091,0.3178
1745427840069,2267,7076,0.3204
1745427840088,2284,7073,0.3229
1745427840121,2304,7081,0.3254
1745427840149,2324,7096,0.3275
1745427840195,2336,7107,0.3287
1745427840240,2332,7112,0.3280
1745427840255,2311,7111,0.3251
1745427840267,2279,7109,0.3207
1745427840296,2248,7112,0.3161
1745427840340,2230,7122,0.3131
1745427840379,2233,7139,0.3128
1745427840428,2258,7161,0.3154
1745427840442,2298,7185,0.3198
1745427840479,2342,7208,0.3249
1745427840491,2379,7225,0.3293
1745427840517,2400,7231,0.3320
1745427840554,2400,7225,0.3322
1745427840587,2376,7208,0.3297
1745427840608,2335,7183,0.3250
1745427840638,2284,7156,0.3192
1745427840670,2238,7130,0.3138
1745427840722,2208,7107,0.3107
1745427840753,2206,7089,0.3112
1745427840788,2234,7080,0.3155
1745427840812,2283,7081,0.3224
1745427840847,2337,7090,0.3297
1745427840877,2379,7102,0.3350
1745427840893,2396,7112,0.3369
1745427840923,2387,7116,0.3354
1745427840953,2356,7110,0.3314
1745427840986,2315,7096,0.3263
1745427841020,2275,7079,0.3213
1745427841054,2243,7066,0.3174
1745427841089,2224,7062,0.3149
1745427841122,2215,7068,0.3134
1745427841171,2211,7081,0.3123
1745427841188,2206,7097,0.3108
1745427841219,2196,7111,0.3088
1745427841252,2185,7121,0.3069
1745427841279,2181,7127,0.3060
1745427841315,2185,7136,0.3062
1745427841342,2198,7151,0.3074
1745427841381,2216,7171,0.3090
1745427841402,2235,7188,0.3110
1745427841441,2255,7195,0.3135
1745427841454,2273,7186,0.3163
1745427841502,2284,7164,0.3187
1745427841524,2286,7141,0.3201
1745427841557,2283,7132,0.3201
1745427841586,2283,7145,0.3195
1745427841621,2293,7183,0.3192
1745427841653,2314,7236,0.3198
1745427841674,2343,7289,0.3214
1745427841704,2371,7327,0.3236
1745427841738,2391,7344,0.3255
1745427841774,2399,7339,0.3269
1745427841808,2399,7318,0.3278
1745427841908,2394,7289,0.3284
1745427841919,2389,7258,0.3291
1745427841919,2385,7233,0.3297
1745427841938,2380,7215,0.3299
1745427841961,2373,7204,0.3295
1745427841992,2364,7196,0.3285
1745427842025,2353,7186,0.3274
1745427842072,2341,7176,0.3262
1745427842089,2329,7166,0.3250
1745427842107,2320,7158,0.3242
1745427842137,2315,7152,0.3237
1745427842192,2312,7146,0.3236
1745427842227,2311,7140,0.3236
1745427842243,2309,7134,0.3237
1745427842273,2307,7130,0.3236
1745427842409,2307,7127,0.3236
1745427842417,2307,7126,0.3238
1745427842418,2311,7127,0.3242
1745427842418,2318,7132,0.3250
1745427842486,2329,7142,0.3261
1745427842487,2344,7158,0.3275
1745427842488,2362,7178,0.3291
1745427842524,2379,7201,0.3304
1745427842558,2389,7224,0.3307
1745427842591,2390,7244,0.3299
1745427842622,2385,7261,0.3284
1745427842654,2377,7275,0.3267
1745427842687,2371,7282,0.3257
1745427842707,2370,7277,0.3256
1745427842739,2369,7259,0.3264
1745427842782,2367,7232,0.3273
1745427842817,2359,7206,0.3274
1745427842843,2343,7185,0.3262
1745427842857,2320,7173,0.3235
1745427842902,2293,7166,0.3200
1745427842940,2267,7163,0.3165
1745427842971,2247,7162,0.3138
1745427843007,2239,7166,0.3125
1745427843023,2241,7169,0.3126
1745427843057,2251,7167,0.3140
1745427843086,2263,7156,0.3163
1745427843119,2275,7135,0.3189
1745427843161,2285,7107,0.3216
1745427843173,2295,7080,0.3241
1745427843203,2304,7061,0.3262
1745427843233,2312,7055,0.3277
1745427843262,2317,7061,0.3282
1745427843384,2319,7078,0.3277
1745427843387,2319,7105,0.3264
1745427843387,2321,7139,0.3251
1745427843452,2329,7177,0.3245
1745427843458,2344,7212,0.3250
1745427843461,2366,7243,0.3266
1745427843490,2390,7266,0.3289
1745427843518,2413,7282,0.3314
1745427843565,2433,7291,0.3337
1745427843600,2445,7296,0.3351
1745427843607,2444,7298,0.3349
1745427843638,2430,7300,0.3328
1745427843683,2405,7301,0.3294
1745427843729,2378,7300,0.3257
1745427843760,2356,7295,0.3230
1745427843773,2345,7287,0.3217
1745427843803,2342,7277,0.3219
1745427843837,2347,7268,0.3229
1745427843886,2354,7260,0.3242
1745427843904,2361,7254,0.3254
1745427843947,2364,7249,0.3261
1745427843997,2363,7242,0.3263
1745427844043,2360,7233,0.3262
1745427844070,2358,7221,0.3266
1745427844070,2362,7207,0.3278
1745427844101,2375,7196,0.3300
1745427844135,2396,7194,0.3331
1745427844161,2423,7202,0.3364
1745427844189,2450,7221,0.3393
1745427844208,2473,7242,0.3414
1745427844259,2485,7261,0.3422
1745427844269,2484,7274,0.3415
1745427844297,2471,7280,0.3394
1745427844333,2449,7280,0.3364
1745427844362,2424,7275,0.3332
1745427844405,2401,7266,0.3304
1745427844449,2382,7257,0.3282
1745427844481,2367,7253,0.3264
1745427844518,2358,7258,0.3249
1745427844525,2355,7274,0.3238
1745427844552,2360,7296,0.3235
1745427844583,2373,7317,0.3243
1745427844624,2390,7327,0.3262
1745427844653,2406,7321,0.3287
1745427844681,2416,7303,0.3308
1745427844711,2415,7282,0.3317
1745427844753,2401,7265,0.3305
1745427844785,2376,7255,0.3275
1745427844826,2344,7251,0.3233
1745427844838,2313,7247,0.3192
1745427844916,2290,7237,0.3165
1745427844917,2282,7216,0.3162
1745427844974,2292,7186,0.3190
1745427844975,2322,7153,0.3246
1745427844990,2365,7124,0.3320
1745427845023,2412,7104,0.3396
1745427845063,2454,7095,0.3459
1745427845097,2483,7096,0.3499
1745427845109,2495,7109,0.3510
1745427845153,2488,7128,0.3491
1745427845184,2466,7149,0.3450
1745427845214,2436,7168,0.3398
1745427845246,2404,7182,0.3348
1745427845287,2377,7195,0.3304
1745427845304,2358,7209,0.3271
1745427845424,2349,7224,0.3251
1745427845433,2350,7239,0.3247
1745427845433,2361,7247,0.3257
1745427845434,2378,7247,0.3282
1745427845464,2399,7232,0.3317
1745427845495,2416,7204,0.3354
1745427845530,2425,7163,0.3385
1745427845572,2422,7116,0.3404
1745427845600,2407,7073,0.3403
1745427845627,2384,7047,0.3383
1745427845660,2357,7044,0.3347
1745427845700,2333,7064,0.3302
1745427845708,2312,7099,0.3256
1745427845737,2295,7139,0.3215
1745427845772,2280,7172,0.3179
1745427845803,2270,7196,0.3155
1745427845838,2270,7213,0.3147
1745427845873,2285,7226,0.3162
1745427845890,2316,7239,0.3199
1745427845936,2359,7253,0.3252
1745427845970,2405,7269,0.3309
1745427845997,2446,7284,0.3359
1745427846039,2475,7297,0.3392
1745427846071,2489,7308,0.3406
1745427846102,2488,7314,0.3402
1745427846123,2476,7314,0.3386
1745427846143,2459,7307,0.3365
1745427846172,2441,7297,0.3346
1745427846203,2429,7286,0.3333
1745427846264,2424,7278,0.3330
1745427846292,2426,7272,0.3336
1745427846308,2434,7265,0.3350
1745427846337,2444,7256,0.3368
1745427846371,2455,7245,0.3388
1745427846398,2463,7233,0.3405
1745427846441,2468,7226,0.3416
1745427846457,2470,7225,0.3418
1745427846487,2469,7229,0.3415
1745427846526,2468,7235,0.3411
1745427846551,2465,7236,0.3407
1745427846587,2458,7230,0.3399
1745427846623,2443,7215,0.3386
1745427846657,2421,7193,0.3366
1745427846687,2398,7171,0.3343
1745427846722,2378,7156,0.3324
1745427846742,2369,7149,0.3313
1745427846772,2370,7150,0.3315
1745427846805,2382,7155,0.3329
1745427846853,2402,7162,0.3354
1745427846873,2424,7166,0.3383
1745427846905,2444,7168,0.3409
1745427846923,2457,7172,0.3426
1745427846956,2461,7179,0.3429
1745427847009,2457,7188,0.3419
1745427847034,2446,7191,0.3401
1745427847062,2431,7180,0.3386
1745427847094,2418,7153,0.3381
1745427847130,2412,7116,0.3389
1745427847158,2411,7080,0.3405
1745427847192,2412,7055,0.3419
1745427847219,2409,7043,0.3420
1745427847259,2400,7040,0.3408
1745427847288,2385,7040,0.3388
1745427847341,2372,7041,0.3369
1745427847344,2363,7044,0.3354
1745427847375,2359,7052,0.3345
1745427847418,2358,7064,0.3337
1745427847442,2359,7074,0.3335
1745427847474,2365,7077,0.3342
1745427847492,2377,7069,0.3362
1745427847522,2393,7054,0.3392
1745427847552,2410,7039,0.3424
1745427847607,2426,7032,0.3449
1745427847621,2434,7037,0.3459
1745427847643,2432,7052,0.3449
1745427847675,2420,7074,0.3420
1745427847707,2401,7102,0.3380
1745427847751,2382,7134,0.3338
1745427847777,2369,7168,0.3306
1745427847810,2369,7199,0.3291
1745427847844,2381,7221,0.3297
1745427847877,2399,7226,0.3319
1745427847909,2413,7211,0.3347
1745427847944,2418,7176,0.3369
1745427847957,2412,7127,0.3385
1745427847987,2403,7074,0.3397
1745427848024,2397,7028,0.3411
1745427848047,2399,6996,0.3429
1745427848092,2404,6982,0.3443
1745427848122,2408,6984,0.3448
1745427848153,2410,6996,0.3445
1745427848188,2413,7008,0.3444
1745427848219,2421,7011,0.3452
1745427848242,2433,7003,0.3474
1745427848273,2447,6983,0.3503
1745427848306,2458,6958,0.3532
1745427848338,2462,6934,0.3551
1745427848386,2458,6915,0.3555
1745427848393,2446,6905,0.3542
1745427848422,2430,6906,0.3519
1745427848477,2416,6919,0.3492
1745427848507,2407,6940,0.3468
1745427848545,2403,6966,0.3449
1745427848558,2402,6990,0.3436
1745427848587,2400,7009,0.3425
1745427848617,2397,7024,0.3412
1745427848649,2389,7040,0.3393
1745427848683,2375,7062,0.3363
1745427848723,2358,7091,0.3326
1745427848753,2346,7127,0.3291
1745427848770,2344,7163,0.3273
1745427848798,2357,7187,0.3279
1745427848860,2378,7193,0.3306
1745427848872,2400,7177,0.3344
1745427848903,2412,7138,0.3379
1745427848934,2405,7081,0.3397
1745427848971,2378,7014,0.3390
1745427848992,2335,6948,0.3361
1745427849024,2286,6891,0.3317
1745427849150,2242,6850,0.3273
1745427849151,2212,6825,0.3241
1745427849151,2202,6817,0.3230
1745427849152,2212,6821,0.3243
1745427849177,2238,6834,0.3274
1745427849218,2270,6852,0.3313
1745427849260,2300,6871,0.3348
1745427849292,2324,6888,0.3374
1745427849308,2339,6898,0.3391
1745427849337,2349,6901,0.3404
1745427849371,2353,6893,0.3414
1745427849399,2352,6876,0.3420
1745427849439,2342,6854,0.3416
1745427849461,2323,6835,0.3399
1745427849492,2300,6828,0.3368
1745427849525,2279,6837,0.3334
1745427849557,2268,6860,0.3306
1745427849592,2268,6891,0.3291
1745427849623,2274,6923,0.3285
1745427849653,2281,6949,0.3282
1745427849684,2283,6967,0.3277
1745427849721,2283,6978,0.3271
1745427849751,2283,6985,0.3269
1745427849775,2288,6990,0.3273
1745427849804,2296,6997,0.3282
1745427849839,2306,7003,0.3293
1745427849872,2318,7007,0.3307
1745427849893,2332,7006,0.3328
1745427849922,2350,6999,0.3357
1745427849970,2368,6986,0.3390
1745427850005,2382,6972,0.3417
1745427850038,2386,6961,0.3428
1745427850057,2376,6956,0.3416
1745427850098,2355,6955,0.3385
1745427850130,2326,6959,0.3342
1745427850165,2298,6967,0.3298
1745427850193,2275,6979,0.3260
1745427850207,2261,6989,0.3235
1745427850237,2256,6994,0.3226
1745427850307,2264,6993,0.3238
1745427850308,2285,6988,0.3270
1745427850342,2315,6984,0.3315
1745427850372,2351,6980,0.3368
1745427850408,2386,6973,0.3422
1745427850438,2418,6960,0.3474
1745427850466,2442,6940,0.3519
1745427850497,2455,6915,0.3551
1745427850536,2453,6890,0.3560
1745427850563,2434,6869,0.3543
1745427850614,2402,6853,0.3504
1745427850619,2365,6844,0.3455
1745427850657,2334,6846,0.3409
1745427850687,2318,6862,0.3378
1745427850717,2321,6891,0.3368
1745427850762,2340,6929,0.3377
1745427850799,2369,6967,0.3400
1745427850807,2399,6995,0.3430
1745427850837,2423,7009,0.3458
1745427850867,2437,7008,0.3477
1745427850901,2438,6998,0.3484
1745427850932,2428,6983,0.3477
1745427850961,2410,6967,0.3460
1745427850991,2388,6953,0.3435
1745427851020,2366,6940,0.3409
1745427851086,2346,6929,0.3386
1745427851093,2331,6921,0.3368
1745427851128,2322,6915,0.3358
1745427851162,2319,6908,0.3358
1745427851270,2324,6898,0.3369
1745427851287,2335,6887,0.3391
1745427851288,2352,6879,0.3419
1745427851288,2371,6878,0.3447
1745427851309,2393,6886,0.3475
1745427851338,2418,6903,0.3502
1745427851374,2445,6924,0.3531
1745427851392,2472,6946,0.3559
1745427851440,2495,6966,0.3582
1745427851472,2512,6986,0.3595
1745427851506,2523,7007,0.3601
1745427851542,2532,7029,0.3603
1745427851557,2540,7047,0.3604
1745427851587,2543,7056,0.3604
1745427851617,2537,7052,0.3597
1745427851653,2516,7039,0.3575
1745427851686,2483,7019,0.3537
1745427851707,2443,7001,0.3489
1745427851737,2407,6990,0.3443
1745427851771,2383,6991,0.3408
1745427851824,2374,7005,0.3389
1745427851842,2379,7028,0.3385
1745427851872,2391,7057,0.3388
1745427851904,2405,7087,0.3394
1745427851938,2419,7112,0.3402
1745427851969,2432,7122,0.3415
1745427852005,2442,7110,0.3434
1745427852022,2448,7077,0.3459
1745427852069,2450,7028,0.3486
1745427852088,2447,6973,0.3509
1745427852125,2438,6920,0.3523
1745427852168,2420,6876,0.3519
1745427852172,2394,6844,0.3498
1745427852222,2362,6826,0.3461
1745427852268,2332,6822,0.3418
1745427852299,2308,6831,0.3379
1745427852307,2296,6850,0.3352
1745427852337,2300,6875,0.3345
1745427852368,2315,6902,0.3355
1745427852407,2337,6928,0.3373
1745427852435,2356,6951,0.3389
1745427852473,2366,6971,0.3395
1745427852488,2367,6987,0.3388
1745427852523,2361,6998,0.3374
1745427852570,2353,7004,0.3360
1745427852594,2352,7007,0.3356
1745427852634,2359,7011,0.3366
1745427852671,2376,7016,0.3387
1745427852702,2397,7024,0.3412
1745427852736,2412,7032,0.3431
1745427852743,2417,7039,0.3434
1745427852773,2411,7046,0.3421
1745427852806,2398,7054,0.3399
1745427852833,2386,7061,0.3379
1745427852869,2381,7066,0.3370
1745427852908,2388,7067,0.3379
1745427852938,2408,7067,0.3407
1745427852972,2438,7068,0.3449
1745427853008,2476,7073,0.3500
1745427853031,2515,7083,0.3551
1745427853069,2552,7093,0.3599
1745427853101,2583,7096,0.3641
1745427853151,2602,7086,0.3672
1745427853152,2602,7062,0.3684
1745427853181,2579,7023,0.3672
1745427853214,2536,6976,0.3635
1745427853244,2482,6928,0.3582
1745427853290,2429,6888,0.3526
1745427853336,2386,6863,0.3477
1745427853342,2359,6855,0.3441
1745427853372,2345,6863,0.3417
1745427853403,2339,6886,0.3396
1745427853437,2333,6919,0.3372
1745427853473,2323,6953,0.3342
1745427853493,2311,6985,0.3308
1745427853522,2297,7013,0.3275
1745427853552,2285,7041,0.3246
1745427853586,2278,7065,0.3225
1745427853620,2278,7081,0.3216
1745427853658,2286,7084,0.3227
1745427853704,2306,7075,0.3259
1745427853723,2341,7061,0.3315
1745427853755,2391,7051,0.3391
1745427853786,2453,7048,0.3480
1745427853820,2518,7051,0.3572
1745427853840,2574,7057,0.3648
1745427853872,2608,7060,0.3694
1745427853903,2612,7054,0.3703
1745427853937,2587,7037,0.3676
1745427853958,2538,7011,0.3621
1745427853987,2479,6981,0.3551
1745427854038,2424,6959,0.3483
1745427854071,2386,6954,0.3431
1745427854092,2373,6970,0.3405
1745427854122,2384,7001,0.3405
1745427854153,2410,7034,0.3426
1745427854184,2437,7058,0.3453
1745427854220,2455,7064,0.3476
1745427854250,2458,7053,0.3485
1745427854283,2445,7031,0.3477
1745427854312,2418,7009,0.3449
1745427854349,2383,6993,0.3407
1745427854373,2345,6987,0.3356
1745427854407,2312,6990,0.3307
1745427854442,2286,6997,0.3268
1745427854472,2273,7004,0.3245
1745427854506,2272,7010,0.3241
1745427854542,2284,7015,0.3256
1745427854557,2307,7016,0.3288
1745427854587,2335,7012,0.3330
1745427854625,2364,7000,0.3377
1745427854652,2388,6984,0.3419
1745427854683,2404,6970,0.3449
1745427854746,2409,6963,0.3460
1745427854756,2404,6965,0.3451
1745427854790,2389,6974,0.3425
1745427854831,2366,6984,0.3387
1745427854854,2340,6990,0.3347
1745427854918,2316,6987,0.3315
1745427854925,2302,6977,0.3299
1745427854941,2301,6965,0.3304
1745427854970,2316,6955,0.3330
1745427855006,2346,6950,0.3376
1745427855028,2388,6950,0.3435
1745427855070,2433,6952,0.3500
1745427855089,2474,6948,0.3561
1745427855130,2502,6936,0.3608
1745427855176,2514,6919,0.3634
1745427855203,2510,6903,0.3636
1745427855226,2496,6899,0.3618
1745427855272,2481,6914,0.3588
1745427855292,2470,6946,0.3555
1745427855312,2464,6988,0.3526
1745427855338,2460,7027,0.3501
1745427855377,2450,7050,0.3475
1745427855411,2426,7048,0.3442
1745427855452,2389,7024,0.3402
1745427855457,2348,6990,0.3359
1745427855509,2314,6962,0.3324
1745427855547,2296,6949,0.3304
1745427855578,2296,6953,0.3303
1745427855592,2311,6970,0.3316
1745427855622,2333,6992,0.3337
1745427855652,2356,7016,0.3358
1745427855687,2376,7038,0.3376
1745427855719,2392,7057,0.3389
1745427855773,2403,7070,0.3399
1745427855774,2411,7074,0.3409
1745427855806,2418,7071,0.3420
1745427855844,2427,7061,0.3437
1745427855877,2440,7046,0.3462
1745427855920,2455,7025,0.3494
1745427855940,2467,6998,0.3525
1745427855971,2472,6967,0.3548
1745427856013,2467,6938,0.3555
1745427856036,2456,6920,0.3549
1745427856057,2445,6917,0.3535
1745427856089,2442,6928,0.3524
1745427856122,2448,6945,0.3524
1745427856153,2462,6962,0.3537
1745427856183,2480,6976,0.3555
1745427856213,2494,6987,0.3570
1745427856267,2499,6994,0.3572
1745427856308,2492,7000,0.3560
1745427856326,2480,7008,0.3539
1745427856342,2468,7019,0.3516
1745427856372,2462,7034,0.3500
1745427856402,2464,7049,0.3495
1745427856438,2473,7061,0.3502
1745427856469,2484,7064,0.3517
1745427856494,2495,7057,0.3536
1745427856534,2504,7038,0.3557
1745427856573,2509,7009,0.3580
1745427856601,2513,6970,0.3605
1745427856644,2512,6922,0.3630
1745427856657,2507,6874,0.3647
1745427856694,2496,6836,0.3651
1745427856720,2481,6820,0.3637
1745427856758,2466,6830,0.3610
1745427856787,2453,6862,0.3575
1745427856821,2444,6904,0.3540
1745427856840,2436,6940,0.3511
1745427856884,2430,6957,0.3493
1745427856910,2426,6951,0.3490
1745427856947,2425,6926,0.3501
1745427856979,2428,6894,0.3522
1745427857013,2439,6870,0.3550
1745427857040,2458,6865,0.3581
1745427857082,2486,6883,0.3612
1745427857092,2518,6918,0.3640
1745427857122,2547,6957,0.3661
1745427857154,2567,6987,0.3674
1745427857182,2573,7003,0.3675
1745427857214,2566,7005,0.3663
1745427857245,2545,6999,0.3636
1745427857282,2511,6992,0.3592
1745427857323,2468,6987,0.3533
1745427857357,2423,6987,0.3467
1745427857389,2381,6991,0.3406
1745427857407,2350,6997,0.3359
1745427857448,2334,7004,0.3332
1745427857471,2334,7010,0.3330
1745427857503,2351,7011,0.3353
1745427857538,2378,7006,0.3394
1745427857561,2404,6995,0.3436
1745427857595,2419,6978,0.3466
1745427857633,2417,6955,0.3475
1745427857660,2399,6924,0.3464
1745427857691,2372,6885,0.3445
1745427857738,2350,6840,0.3436
1745427857758,2342,6793,0.3448
1745427857795,2353,6751,0.3485
1745427857822,2376,6719,0.3536
1745427857856,2401,6701,0.3583
1745427857872,2420,6700,0.3612
1745427857906,2431,6714,0.3620
1745427857938,2436,6742,0.3613
1745427857968,2437,6779,0.3595
1745427857997,2433,6819,0.3568
1745427858059,2421,6851,0.3533
1745427858060,2399,6869,0.3493
1745427858106,2374,6872,0.3454
1745427858140,2351,6866,0.3423
1745427858157,2336,6862,0.3405
1745427858187,2334,6864,0.3400
1745427858219,2342,6872,0.3408
1745427858251,2356,6879,0.3425
1745427858283,2369,6881,0.3443
1745427858311,2377,6876,0.3457
1745427858374,2377,6863,0.3464
1745427858376,2370,6844,0.3462
1745427858412,2358,6821,0.3456
1745427858444,2345,6794,0.3452
1745427858482,2338,6762,0.3457
1745427858509,2337,6726,0.3474
1745427858537,2341,6691,0.3499
1745427858562,2347,6664,0.3522
1745427858603,2352,6652,0.3535
1745427858626,2354,6658,0.3535
1745427858657,2354,6685,0.3522
1745427858693,2355,6728,0.3501
1745427858725,2357,6779,0.3476
1745427858742,2358,6825,0.3456
1745427858772,2360,6854,0.3444
1745427858804,2361,6855,0.3444
1745427858888,2358,6830,0.3453
1745427858889,2351,6785,0.3465
1745427858908,2338,6736,0.3471
1745427858937,2323,6696,0.3470
1745427858967,2310,6671,0.3463
1745427858999,2304,6664,0.3458
1745427859034,2306,6668,0.3459
1745427859057,2315,6677,0.3467
1745427859091,2326,6683,0.3480
1745427859122,2335,6682,0.3494
1745427859162,2339,6672,0.3506
1745427859194,2338,6658,0.3511
1745427859224,2331,6644,0.3508
1745427859264,2321,6633,0.3499
1745427859300,2308,6621,0.3486
1745427859329,2296,6603,0.3477
1745427859342,2288,6582,0.3476
1745427859372,2286,6561,0.3485
1745427859407,2293,6546,0.3503
1745427859438,2308,6543,0.3528
1745427859464,2330,6554,0.3555
1745427859492,2357,6577,0.3583
1745427859522,2384,6609,0.3607
1745427859584,2407,6644,0.3623
1745427859608,2422,6675,0.3629
1745427859643,2424,6697,0.3619
1745427859657,2411,6709,0.3594
1745427859689,2387,6710,0.3558
1745427859720,2358,6703,0.3518
1745427859831,2331,6693,0.3482
1745427859838,2311,6688,0.3455
1745427859839,2299,6695,0.3435
1745427859840,2294,6715,0.3415
1745427859867,2289,6744,0.3393
1745427859907,2281,6770,0.3370
1745427859942,2271,6784,0.3348
1745427859972,2260,6779,0.3334
1745427860005,2248,6759,0.3326
1745427860054,2237,6731,0.3324
1745427860079,2228,6705,0.3324
1745427860092,2224,6687,0.3326
1745427860122,2223,6677,0.3330
1745427860152,2227,6671,0.3338
1745427860185,2234,6664,0.3352
1745427860218,2246,6657,0.3374
1745427860255,2264,6651,0.3403
1745427860274,2286,6651,0.3436
1745427860324,2309,6656,0.3469
1745427860362,2332,6665,0.3500
1745427860392,2356,6675,0.3530
1745427860437,2381,6685,0.3561
1745427860440,2406,6695,0.3594
1745427860473,2430,6702,0.3626
1745427860503,2449,6705,0.3653
1745427860538,2463,6704,0.3674
1745427860557,2472,6697,0.3692
1745427860587,2481,6690,0.3709
1745427860618,2491,6689,0.3724
1745427860647,2502,6698,0.3735
1745427860692,2512,6717,0.3739
1745427860722,2518,6744,0.3734
1745427860758,2521,6770,0.3724
1745427860788,2521,6787,0.3715
1745427860825,2520,6790,0.3711
1745427860850,2514,6782,0.3707
1745427860879,2501,6767,0.3695
1745427860902,2475,6749,0.3668
1745427860960,2440,6727,0.3626
1745427860971,2398,6703,0.3578
1745427860992,2360,6677,0.3534
1745427861024,2332,6656,0.3504
1745427861067,2321,6644,0.3494
1745427861099,2327,6644,0.3503
1745427861131,2345,6654,0.3525
1745427861159,2368,6667,0.3552
1745427861195,2388,6676,0.3576
1745427861233,2399,6676,0.3593
1745427861260,2400,6664,0.3601
1745427861277,2394,6644,0.3603
1745427861307,2383,6620,0.3600
1745427861337,2371,6600,0.3593
1745427861367,2359,6589,0.3580
1745427861427,2349,6589,0.3564
1745427861436,2342,6596,0.3551
1745427861478,2342,6604,0.3547
1745427861508,2352,6610,0.3559
1745427861537,2372,6617,0.3585
1745427861566,2401,6631,0.3621
1745427861600,2433,6652,0.3658
1745427861630,2461,6676,0.3686
1745427861662,2476,6697,0.3698
1745427861690,2472,6707,0.3685
1745427861728,2447,6706,0.3649
1745427861756,2408,6696,0.3597
1745427861854,2368,6683,0.3543
1745427861857,2336,6671,0.3502
1745427861858,2321,6663,0.3484
1745427861878,2323,6662,0.3488
1745427861908,2342,6675,0.3508
1745427861953,2369,6706,0.3533
1745427861975,2398,6755,0.3550
1745427862010,2417,6815,0.3546
1745427862043,2419,6877,0.3517
1745427862057,2403,6925,0.3470
1745427862087,2376,6947,0.3421
1745427862121,2349,6936,0.3386
1745427862180,2329,6896,0.3378
1745427862192,2323,6838,0.3397
1745427862222,2333,6778,0.3442
1745427862255,2361,6733,0.3506
1745427862291,2401,6710,0.3579
1745427862320,2447,6709,0.3648
1745427862342,2488,6723,0.3701
1745427862378,2516,6744,0.3731
1745427862413,2526,6765,0.3735
1745427862451,2520,6783,0.3715
1745427862475,2500,6797,0.3678
1745427862492,2474,6811,0.3633
1745427862542,2451,6825,0.3592
1745427862574,2436,6841,0.3561
1745427862604,2433,6856,0.3548
1745427862638,2439,6866,0.3552
1745427862661,2451,6868,0.3568
1745427862687,2463,6860,0.3590
1745427862724,2472,6843,0.3612
1745427862750,2477,6819,0.3633
1745427862781,2481,6792,0.3653
1745427862810,2485,6767,0.3672
1745427862848,2489,6750,0.3688
1745427862878,2494,6745,0.3698
1745427862913,2502,6754,0.3705
1745427862957,2515,6777,0.3712
1745427862977,2532,6812,0.3716
1745427863008,2545,6852,0.3714
1745427863041,2546,6887,0.3697
1745427863072,2532,6913,0.3662
1745427863092,2501,6926,0.3612
1745427863122,2462,6924,0.3555
1745427863155,2420,6906,0.3504
1745427863186,2385,6874,0.3469
1745427863220,2365,6833,0.3461
1745427863244,2366,6793,0.3483
1745427863292,2390,6763,0.3534
1745427863317,2432,6746,0.3605
1745427863349,2483,6740,0.3685
1745427863381,2532,6738,0.3758
1745427863415,2566,6733,0.3811
1745427863450,2576,6723,0.3832
1745427863476,2560,6708,0.3816
1745427863512,2522,6690,0.3769
1745427863554,2472,6678,0.3702
1745427863557,2425,6676,0.3632
1745427863589,2392,6686,0.3577
1745427863636,2382,6707,0.3552
1745427863678,2399,6731,0.3563
1745427863703,2437,6754,0.3608
1745427863734,2485,6770,0.3671
1745427863757,2529,6778,0.3731
1745427863788,2555,6779,0.3769
1745427863831,2557,6782,0.3770
1745427863842,2536,6790,0.3734
1745427863872,2498,6803,0.3672
1745427863902,2453,6820,0.3598
1745427863935,2412,6835,0.3529
1745427863970,2382,6844,0.3480
1745427864009,2368,6845,0.3459
1745427864024,2371,6835,0.3468
1745427864072,2387,6817,0.3502
1745427864103,2411,6794,0.3548
1745427864128,2432,6772,0.3591
1745427864166,2441,6752,0.3615
1745427864193,2434,6738,0.3613
1745427864228,2412,6727,0.3586
1745427864264,2382,6719,0.3546
1745427864277,2354,6711,0.3507
1745427864307,2333,6702,0.3482
1745427864337,2324,6689,0.3475
1745427864395,2324,6675,0.3482
1745427864428,2329,6658,0.3498
1745427864442,2333,6639,0.3515
1745427864472,2333,6620,0.3524
1745427864503,2328,6608,0.3523
1745427864536,2320,6606,0.3512
1745427864569,2316,6620,0.3498
1745427864597,2321,6647,0.3491
1745427864634,2337,6681,0.3498
1745427864662,2365,6717,0.3521
1745427864696,2397,6749,0.3552
1745427864728,2426,6777,0.3580
1745427864762,2446,6803,0.3596
1745427864796,2452,6827,0.3592
1745427864827,2443,6851,0.3565
1745427864864,2421,6874,0.3522
1745427864876,2391,6892,0.3470
1745427864907,2361,6899,0.3423
1745427864936,2338,6894,0.3391
1745427864968,2326,6878,0.3382
1745427864997,2326,6854,0.3394
1745427865029,2336,6828,0.3421
1745427865062,2348,6801,0.3453
1745427865104,2357,6772,0.3481
1745427865139,2360,6741,0.3501
1745427865172,2356,6709,0.3512
1745427865192,2349,6684,0.3515
1745427865223,2342,6671,0.3510
1745427865252,2339,6675,0.3504
1745427865281,2345,6692,0.3505
1745427865313,2360,6713,0.3516
1745427865342,2381,6733,0.3537
1745427865468,2403,6748,0.3560
1745427865469,2417,6759,0.3577
1745427865470,2421,6765,0.3578
1745427865471,2413,6770,0.3564
1745427865506,2397,6776,0.3538
1745427865538,2382,6786,0.3511
1745427865567,2374,6800,0.3492
1745427865602,2376,6815,0.3486
1745427865630,2384,6826,0.3493
1745427865664,2398,6829,0.3511
1745427865694,2414,6823,0.3538
1745427865723,2432,6811,0.3571
1745427865764,2449,6800,0.3601
1745427865777,2461,6799,0.3619
1745427865807,2465,6810,0.3619
1745427865844,2461,6830,0.3603
1745427865889,2453,6851,0.3580
1745427865920,2442,6864,0.3558
1745427865949,2429,6861,0.3540
1745427865980,2412,6845,0.3524
1745427866010,2392,6822,0.3506
1745427866046,2370,6802,0.3484
1745427866080,2352,6795,0.3461
1745427866092,2343,6804,0.3444
1745427866122,2348,6825,0.3440
1745427866153,2364,6854,0.3450
1745427866194,2387,6884,0.3468
1745427866229,2410,6908,0.3488
1745427866261,2426,6921,0.3505
1745427866296,2434,6917,0.3518
1745427866329,2436,6899,0.3531
1745427866367,2440,6873,0.3549
1745427866377,2446,6849,0.3572
1745427866407,2455,6834,0.3593
1745427866437,2461,6830,0.3604
1745427866468,2461,6835,0.3600
1745427866503,2453,6845,0.3583
1745427866536,2440,6859,0.3558
1745427866569,2427,6873,0.3531
1745427866601,2418,6887,0.3511
1745427866636,2415,6899,0.3501
1745427866665,2416,6906,0.3499
1745427866702,2416,6905,0.3499
1745427866736,2412,6894,0.3499
1745427866758,2403,6875,0.3495
1745427866789,2391,6853,0.3489
1745427866824,2382,6835,0.3485
1745427866843,2382,6828,0.3488
1745427866871,2393,6830,0.3503
1745427866902,2415,6834,0.3534
1745427866935,2445,6829,0.3580
1745427866976,2475,6810,0.3634
1745427867007,2498,6779,0.3685
1745427867037,2510,6746,0.3721
1745427867071,2511,6723,0.3735
1745427867103,2501,6714,0.3725
1745427867158,2482,6717,0.3695
1745427867175,2453,6723,0.3649
1745427867204,2418,6725,0.3595
1745427867221,2382,6722,0.3544
1745427867255,2352,6716,0.3502
1745427867277,2331,6711,0.3473
1745427867306,2318,6714,0.3453
1745427867401,2313,6728,0.3438
1745427867414,2315,6756,0.3426
1745427867416,2321,6793,0.3417
1745427867454,2332,6831,0.3414
1745427867538,2344,6863,0.3416
1745427867539,2357,6883,0.3425
1745427867542,2370,6894,0.3438
1745427867566,2383,6895,0.3456
1745427867600,2394,6888,0.3475
1745427867639,2403,6875,0.3496
1745427867667,2413,6856,0.3519
1745427867705,2424,6836,0.3546
1745427867728,2440,6819,0.3579
1745427867757,2462,6810,0.3615
1745427867786,2486,6806,0.3652
1745427867821,2507,6804,0.3684
1745427867858,2516,6799,0.3700
1745427867877,2505,6793,0.3688
1745427867911,2473,6786,0.3644
1745427867941,2428,6782,0.3580
1745427867971,2389,6786,0.3520
1745427868001,2372,6798,0.3489
1745427868030,2385,6816,0.3498
1745427868071,2423,6836,0.3544
1745427868105,2476,6854,0.3612
1745427868138,2528,6869,0.3681
1745427868192,2572,6882,0.3737
1745427868193,2600,6897,0.3769
1745427868222,2612,6913,0.3778
1745427868252,2608,6929,0.3765
1745427868285,2593,6940,0.3736
1745427868319,2569,6946,0.3698
1745427868353,2541,6946,0.3659
1745427868375,2516,6939,0.3626
1745427868405,2495,6924,0.3604
1745427868454,2480,6899,0.3595
1745427868487,2471,6866,0.3599
1745427868508,2467,6830,0.3613
1745427868536,2469,6796,0.3632
1745427868568,2475,6771,0.3656
1745427868601,2486,6760,0.3677
1745427868626,2497,6764,0.3692
1745427868670,2506,6780,0.3697
1745427868701,2511,6801,0.3691
1745427868730,2510,6821,0.3679
1745427868766,2505,6836,0.3664
1745427868777,2498,6845,0.3649
1745427868836,2491,6849,0.3638
1745427868857,2488,6846,0.3634
1745427868891,2490,6836,0.3643
1745427868925,2501,6817,0.3669
1745427868942,2521,6794,0.3710
1745427868972,2545,6771,0.3758
1745427869002,2568,6757,0.3801
1745427869033,2587,6756,0.3829
1745427869064,2598,6770,0.3837
1745427869101,2601,6795,0.3828
1745427869127,2596,6825,0.3804
1745427869168,2585,6853,0.3771
1745427869244,2570,6875,0.3738
1745427869258,2555,6888,0.3709
1745427869258,2543,6889,0.3691
1745427869291,2535,6881,0.3685
1745427869327,2532,6865,0.3688
1745427869367,2527,6843,0.3694
1745427869376,2517,6816,0.3693
1745427869407,2500,6784,0.3685
1745427869436,2479,6748,0.3674
1745427869473,2462,6713,0.3667
1745427869526,2453,6682,0.3671
1745427869545,2453,6658,0.3684
1745427869575,2459,6643,0.3702
1745427869614,2469,6636,0.3721
1745427869646,2482,6639,0.3739
1745427869683,2498,6650,0.3756
1745427869692,2514,6666,0.3772
1745427869721,2528,6685,0.3781
1745427869751,2531,6703,0.3777
1745427869781,2522,6720,0.3753
1745427869816,2500,6735,0.3711
1745427869845,2470,6750,0.3660
1745427869875,2442,6762,0.3611
1745427869911,2423,6774,0.3577
1745427869952,2419,6786,0.3565
1745427869979,2433,6799,0.3579
1745427870015,2462,6810,0.3615
1745427870047,2501,6819,0.3667
1745427870092,2540,6825,0.3722
1745427870107,2573,6825,0.3770
1745427870127,2594,6821,0.3803
1745427870158,2600,6812,0.3817
1745427870189,2590,6798,0.3810
1745427870236,2566,6783,0.3783
1745427870265,2532,6768,0.3740
1745427870277,2491,6753,0.3689
1745427870328,2453,6738,0.3641
1745427870371,2427,6727,0.3608
1745427870406,2419,6722,0.3599
1745427870431,2430,6723,0.3614
1745427870442,2450,6728,0.3641
1745427870472,2467,6731,0.3665
1745427870503,2472,6729,0.3674
1745427870532,2462,6718,0.3665
1745427870562,2443,6701,0.3646
1745427870605,2425,6680,0.3631
1745427870640,2416,6656,0.3629
1745427870672,2417,6634,0.3644
1745427870701,2427,6613,0.3670
1745427870733,2436,6592,0.3696
1745427870765,2440,6575,0.3712
1745427870796,2437,6562,0.3714
1745427870828,2428,6558,0.3703
1745427870868,2416,6564,0.3681
1745427870877,2402,6578,0.3651
1745427870906,2385,6592,0.3618
1745427870958,2369,6600,0.3590
1745427871014,2361,6601,0.3577
1745427871059,2366,6600,0.3586
1745427871060,2385,6601,0.3612
1745427871081,2409,6607,0.3647
1745427871104,2432,6616,0.3676
1745427871131,2448,6629,0.3693
1745427871163,2458,6645,0.3699
1745427871207,2465,6663,0.3699
1745427871226,2472,6684,0.3699
1745427871270,2481,6703,0.3701
1745427871294,2490,6720,0.3705
1745427871324,2497,6732,0.3710
1745427871342,2503,6738,0.3715
1745427871377,2506,6735,0.3721
1745427871417,2504,6720,0.3727
1745427871463,2498,6693,0.3732
1745427871477,2487,6658,0.3736
1745427871507,2477,6622,0.3741
1745427871537,2473,6593,0.3751
1745427871566,2478,6578,0.3766
1745427871599,2489,6577,0.3784
1745427871631,2501,6586,0.3798
1745427871666,2509,6602,0.3800
1745427871696,2510,6620,0.3792
1745427871737,2508,6638,0.3778
1745427871757,2507,6656,0.3766
1745427871794,2512,6674,0.3763
1745427871823,2522,6694,0.3767
1745427871854,2533,6715,0.3772
1745427871891,2539,6735,0.3770
1745427871924,2535,6751,0.3755
1745427871941,2518,6759,0.3726
1745427871971,2492,6760,0.3687
1745427872004,2464,6754,0.3649
1745427872039,2442,6743,0.3622
1745427872076,2430,6729,0.3611
1745427872100,2430,6716,0.3619
1745427872129,2441,6706,0.3639
1745427872170,2458,6706,0.3666
1745427872202,2478,6717,0.3690
1745427872237,2496,6740,0.3703
1745427872259,2506,6775,0.3699
1745427872291,2506,6812,0.3679
1745427872325,2495,6844,0.3645
1745427872351,2474,6860,0.3606
1745427872384,2447,6855,0.3569
1745427872409,2419,6833,0.3539
1745427872439,2394,6803,0.3519
1745427872554,2378,6776,0.3509
1745427872595,2372,6756,0.3511
1745427872601,2378,6742,0.3527
1745427872602,2392,6728,0.3556
1745427872603,2409,6707,0.3591
1745427872632,2422,6681,0.3625
1745427872666,2428,6655,0.3648
1745427872698,2426,6635,0.3656
1745427872783,2420,6627,0.3652
1745427872834,2415,6630,0.3643
1745427872847,2417,6643,0.3638
1745427872847,2426,6660,0.3643
1745427872854,2443,6675,0.3659
1745427872878,2465,6688,0.3685
1745427872916,2488,6699,0.3713
1745427872952,2505,6709,0.3734
1745427873010,2510,6719,0.3735
1745427873023,2498,6729,0.3713
1745427873056,2475,6740,0.3672
1745427873080,2449,6752,0.3627
1745427873119,2430,6767,0.3591
1745427873127,2427,6783,0.3578
1745427873156,2439,6799,0.3588
1745427873186,2463,6814,0.3615
1745427873221,2491,6825,0.3650
1745427873278,2519,6832,0.3687
1745427873292,2544,6835,0.3722
1745427873321,2567,6841,0.3752
1745427873354,2587,6856,0.3773
1745427873384,2603,6881,0.3783
1745427873416,2613,6912,0.3780
1745427873448,2611,6938,0.3764
1745427873477,2596,6952,0.3734
1745427873520,2567,6947,0.3695
1745427873538,2530,6927,0.3652
1745427873571,2495,6898,0.3616
1745427873592,2471,6868,0.3597
1745427873638,2463,6846,0.3597
1745427873672,2469,6834,0.3613
1745427873703,2484,6833,0.3635
1745427873737,2500,6836,0.3657
1745427873768,2512,6840,0.3672
1745427873794,2516,6841,0.3677
1745427873822,2510,6838,0.3671
1745427873864,2497,6829,0.3657
1745427873876,2482,6817,0.3640
1745427873906,2467,6803,0.3626
1745427873936,2455,6790,0.3616
1745427873968,2450,6780,0.3613
1745427874020,2450,6776,0.3616
1745427874041,2455,6781,0.3620
1745427874071,2459,6794,0.3619
1745427874101,2457,6811,0.3608
1745427874132,2447,6828,0.3583
1745427874165,2428,6843,0.3548
1745427874196,2408,6855,0.3513
1745427874239,2393,6861,0.3489
1745427874308,2389,6860,0.3483
1745427874310,2399,6853,0.3500
1745427874326,2420,6843,0.3537
1745427874345,2452,6832,0.3588
1745427874389,2487,6825,0.3644
1745427874427,2519,6827,0.3690
1745427874470,2538,6837,0.3712
1745427874477,2538,6852,0.3703
1745427874508,2516,6866,0.3665
1745427874542,2478,6874,0.3606
1745427874579,2433,6872,0.3541
1745427874606,2391,6861,0.3485
1745427874627,2361,6844,0.3449
1745427874656,2347,6823,0.3440
1745427874752,2351,6806,0.3455
1745427874754,2372,6797,0.3490
1745427874779,2403,6797,0.3536
1745427874791,2438,6803,0.3583
1745427874824,2467,6812,0.3622
1745427874860,2486,6819,0.3646
1745427874904,2494,6819,0.3657
1745427874926,2493,6809,0.3661
1745427874942,2489,6790,0.3666
1745427874971,2487,6763,0.3677
1745427875001,2488,6736,0.3694
1745427875038,2494,6716,0.3713
1745427875072,2501,6711,0.3727
1745427875095,2508,6721,0.3731
1745427875140,2511,6744,0.3724
1745427875178,2508,6775,0.3702
1745427875206,2496,6811,0.3665
1745427875228,2474,6846,0.3614
1745427875261,2446,6876,0.3557
1745427875300,2418,6898,0.3505
1745427875328,2397,6910,0.3469
1745427875372,2389,6916,0.3455
1745427875377,2396,6918,0.3463
1745427875422,2414,6917,0.3490
1745427875441,2441,6914,0.3530
1745427875496,2468,6906,0.3574
1745427875512,2490,6894,0.3612
1745427875542,2498,6879,0.3632
1745427875581,2492,6867,0.3629
1745427875607,2474,6860,0.3606
1745427875654,2451,6857,0.3574
1745427875675,2430,6852,0.3547
1745427875692,2417,6839,0.3534
1745427875721,2411,6817,0.3536
1745427875756,2411,6791,0.3550
1745427875805,2413,6764,0.3567
1745427875824,2415,6743,0.3581
1745427875860,2416,6729,0.3589
1745427875888,2415,6725,0.3591
1745427875924,2412,6729,0.3585
1745427875957,2409,6745,0.3572
1745427875988,2406,6771,0.3554
1745427876008,2407,6804,0.3537
1745427876037,2413,6837,0.3530
1745427876071,2428,6862,0.3538
1745427876107,2450,6872,0.3565
1745427876126,2475,6867,0.3605
1745427876160,2497,6851,0.3645
1745427876191,2509,6833,0.3671
1745427876237,2505,6822,0.3672
1745427876277,2486,6822,0.3645
1745427876309,2459,6832,0.3599
1745427876325,2431,6849,0.3549
1745427876359,2410,6867,0.3509
1745427876383,2399,6879,0.3488
1745427876440,2399,6880,0.3487
1745427876500,2408,6869,0.3505
1745427876502,2421,6850,0.3535
1745427876503,2436,6826,0.3569
1745427876534,2448,6803,0.3599
1745427876576,2456,6785,0.3619
1745427876604,2458,6772,0.3629
1745427876642,2455,6764,0.3630
1745427876671,2447,6756,0.3621
1745427876698,2433,6748,0.3605
1745427876735,2416,6740,0.3585
1745427876763,2404,6735,0.3569
1745427876796,2401,6739,0.3563
1745427876829,2411,6755,0.3569
1745427876858,2432,6783,0.3585
1745427876877,2457,6822,0.3602
1745427876906,2480,6866,0.3611
1745427876964,2494,6909,0.3610
1745427876996,2502,6944,0.3603
1745427877013,2509,6969,0.3600
1745427877043,2523,6984,0.3612
1745427877071,2547,6994,0.3642
1745427877101,2581,7005,0.3684
1745427877136,2616,7018,0.3728
1745427877172,2641,7029,0.3757
1745427877204,2648,7035,0.3764
1745427877233,2634,7029,0.3748
1745427877272,2605,7012,0.3715
1745427877303,2568,6987,0.3675
